,ndc_description,ndc_description_agg,score
0,TENOFOVIR DISOPROXIL FUMARATE 300MG TABLET,TENOFOVIR DISOPROXIL FUMARATE 300MG ORAL,93
1,FENOFIBRATE 67MG CAPSULE,,-1
2,SERTRALINE HCL 100MG TABLET,,-1
3,FUROSEMIDE 80MG TABLET,FUROSEMIDE 80MG ORAL,86
4,OXYCODONE-ACETAMINOPHEN 10-325MG TABLET,,-1
5,METHERGINE 0.2MG TABLET,,-1
6,TIZANIDINE HCL 2MG TABLET,,-1
7,NORTRIPTYLINE HCL 10MG CAP,,-1
8,MECLIZINE 25MG TABLET,,-1
9,TRIAMCINOLONE 0.025% OINT,TRIAMCINOLONE ACETONIDE 0.025% TOPICAL,88
10,LOSARTAN POTASSIUM 50MG TABLET,LOSARTAN POTASSIUM 50MG ORAL,90
11,ASPIRIN 325MG COATED TABLET,,-1
12,IBUPROFEN 800MG TABLET,IBUPROFEN 800MG ORAL,86
13,NIACIN ER 500MG TABLET,,-1
14,ESTRADIOL TDS 0.05MG/DAY,,-1
15,ATENOLOL 25MG TABLET,,-1
16,RECLIPSEN 28 DAY TABLET,,-1
17,SENEXON 8.6MG TABLET,,-1
18,DEPAKOTE ER 250MG TABLET,,-1
19,BETHANECHOL 5MG TABLET,,-1
20,ROSUVASTATIN CALCIUM 10MG TABLET,ROSUVASTATIN CALCIUM 10MG ORAL,91
21,OXAPROZIN 600MG TABLET,OXAPROZIN 600MG ORAL,86
22,HM ASPIRIN EC 81MG TABLET,,-1
23,NAFTIN 2% GEL,,-1
24,CARBATROL ER 200MG CAPSULE,CARBATROL 200MG ORAL,86
25,VALSARTAN 80MG TABLET,,-1
26,ACTONEL 150MG TABLET,,-1
27,LETROZOLE 2.5MG TABLET,LETROZOLE 2.5MG ORAL,86
28,ATORVASTATIN 20MG TABLET,,-1
29,NICORETTE 4MG CHEWING GUM,,-1
30,DONEPEZIL HCL 5MG TABLET,,-1
31,CARVEDILOL 12.5MG TABLET,CARVEDILOL 12.5MG ORAL,87
32,VANCOMYCIN 1 GM VIAL,VANCOMYCIN HYDROCHLORIDE EQ 1.25GM BASE/VIAL INTRAVENOUS,92
33,OMEPRAZOLE DR 10MG CAPSULE,OMEPRAZOLE 10MG ORAL,86
34,LAMIVUDINE-ZIDOVUDINE TABLET,"ABACAVIR SULFATE, LAMIVUDINE AND ZIDOVUDINE EQ 300MG BASE;150MG;300MG ORAL",86
35,LIDOCAINE 2% VISCOUS SOLUTION,LIDOCAINE VISCOUS 2% ORAL,88
36,BENZTROPINE MES 2MG TABLET,,-1
37,SM IBUPROFEN 200MG SOFTGEL,IBUPROFEN 200MG ORAL,86
38,KETOCONAZOLE 200MG TABLET,KETOCONAZOLE 200MG ORAL,88
39,AMMONIUM LACTATE 12% LOTION,,-1
40,BETAMETHASONE DP 0.05% OINT,,-1
41,LOVASTATIN 10MG TABLET,LOVASTATIN 10MG ORAL,86
42,METOCLOPRAMIDE 10MG TABLET,,-1
43,GS CAL ANTACID 500MG CHEW TABLET,,-1
44,CELEXA 10MG TABLET,,-1
45,FENOFIBRATE 48MG TABLET,FENOFIBRATE 48MG ORAL,86
46,ZONISAMIDE 100MG CAPSULE,ZONISAMIDE 100MG ORAL,86
47,PRAMIPEXOLE 1.5MG TABLET,,-1
48,HALOBETASOL PROP 0.05% CREAM,,-1
49,OLMESARTAN MEDOXOMIL 40MG TABLET,OLMESARTAN MEDOXOMIL 40MG ORAL,91
50,CLOMIPRAMINE 25MG CAPSULE,,-1
51,LANSOPRAZOLE DR 30MG CAPSULE,LANSOPRAZOLE 30MG ORAL,87
52,ENOXAPARIN 60MG/0.6ML SYRINGE,,-1
53,SIMVASTATIN 10MG TABLET,SIMVASTATIN 10MG ORAL,86
54,LOTREL 5-10MG CAPSULE,,-1
55,DIVALPROEX SOD DR 250MG TABLET,,-1
56,ZONISAMIDE 50MG CAPSULE,ZONISAMIDE 50MG ORAL,86
57,FAMCICLOVIR 250MG TABLET,FAMCICLOVIR 250MG ORAL,87
58,AMLODIPINE-OLMESARTAN 5-20MG,AMLODIPINE AND OLMESARTAN MEDOXOMIL EQ 5MG BASE;20MG ORAL,96
59,DANTROLENE SODIUM 100MG CAP,DANTROLENE SODIUM 100MG ORAL,92
60,"HEPARIN SODIUM 10,000 UNIT/ML VIAL",,-1
61,BISOPROLOL FUMARATE 5MG TABLET,BISOPROLOL FUMARATE 5MG ORAL,90
62,MEMANTINE HCL 5MG TABLET,,-1
63,BETAMETHASONE VA 0.1% CREAM,,-1
64,FENTANYL 50MCG/HR PATCH,,-1
65,DESOXIMETASONE 0.25% OINTMENT,,-1
66,DIPHENHYDRAMINE 25MG CAPSULE,,-1
67,AMOXICILLIN 500MG CAPSULE,AMOXICILLIN 500MG ORAL,87
68,ARIPIPRAZOLE 5MG TABLET,ARIPIPRAZOLE 5MG ORAL,86
69,PAROXETINE HCL 40MG TABLET,,-1
70,PRAMIPEXOLE 0.75MG TABLET,,-1
71,PHENYTOIN SOD EXT 100MG CAP,,-1
72,VERAPAMIL 120MG TABLET,,-1
73,ATORVASTATIN 80MG TABLET,,-1
74,ENALAPRIL MALEATE 20MG TABLET,ENALAPRIL MALEATE 20MG ORAL,90
75,CHANTIX STARTING MONTH BOX,,-1
76,PIOGLITAZONE HCL 15MG TABLET,,-1
77,LOSARTAN-HYDROCHLOROTHIAZIDE 100-25MG TABLET,HYDROCHLOROTHIAZIDE 25MG ORAL,91
78,FIBER THERAPY POWDER,,-1
79,PIOGLITAZONE HCL 15MG TABLET,,-1
80,HYDROCODONE-ACETAMINOPHEN 10-325MG TABLET,HYDROCODONE BITARTRATE AND ACETAMINOPHEN 325MG/15ML;7.5MG/15ML ORAL,86
81,FLUOCINONIDE 0.05% GEL,FLUOCINONIDE 0.05% TOPICAL,89
82,HYDROCODONE-ACETAMINOPHEN 7.5-325MG TABLET,HYDROCODONE BITARTRATE AND ACETAMINOPHEN 325MG/15ML;7.5MG/15ML ORAL,88
83,LISINOPRIL 40MG TABLET,LISINOPRIL 40MG ORAL,86
84,GLYBURIDE MICRO 6MG TABLET,,-1
85,FLUOCINOLONE 0.01% SCALP OIL,,-1
86,DILTIAZEM ER 240MG CAPSULE,,-1
87,TOPIRAMATE 200MG TABLET,TOPIRAMATE 200MG ORAL,86
88,DULOXETINE HCL DR 20MG CAP,,-1
89,CLOBETASOL 0.05% TOPICAL LOTN,CLOBETASOL PROPIONATE 0.05% TOPICAL,90
90,LISINOPRIL 30MG TABLET,LISINOPRIL 30MG ORAL,86
91,FAMCICLOVIR 500MG TABLET,FAMCICLOVIR 500MG ORAL,87
92,NAPROXEN 250MG TABLET,,-1
93,CANDESARTAN CILEXETIL 8MG TABLET,CANDESARTAN CILEXETIL 8MG ORAL,91
94,PIOGLITAZONE HCL 30MG TABLET,,-1
95,CYPROHEPTADINE 4MG TABLET,,-1
96,AMLODIPINE-VALSARTAN 10-320MG,AMLODIPINE BESYLATE AND VALSARTAN EQ 5MG BASE;320MG ORAL,95
97,DIAZEPAM 5MG TABLET,,-1
98,IMIPRAMINE HCL 10MG TABLET,,-1
99,BENZTROPINE MES 2MG TABLET,,-1
100,"LEVETIRACETAM 1,000MG TABLET",,-1
101,TERAZOSIN 5MG CAPSULE,,-1
102,CLONIDINE 0.2MG/DAY PATCH,,-1
103,ACETAMINOPHEN 650MG SUPPOS,ACETAMINOPHEN 650MG ORAL,88
104,CHLOROTHIAZIDE 250MG TABLET,CHLOROTHIAZIDE 250MG ORAL,89
105,LISINOPRIL 20MG TABLET,LISINOPRIL 20MG ORAL,86
106,NIFEDIPINE ER 30MG TABLET,NIFEDIPINE 30MG ORAL,86
107,CALCITONIN-SALMON 200 UNITS SP,,-1
108,SILDENAFIL 100MG TABLET,,-1
109,QUETIAPINE ER 50MG TABLET,,-1
110,LIOTHYRONINE SOD 50MCG TABLET,,-1
111,TRAZODONE 150MG TABLET,,-1
112,VALSARTAN 40MG TABLET,,-1
113,PROCTOZONE-HC 2.5% CREAM,,-1
114,ADAPALENE 0.1% GEL,ADAPALENE 0.1% TOPICAL,87
115,ARMODAFINIL 200MG TABLET,ARMODAFINIL 200MG ORAL,87
116,TRIFLUOPERAZINE 10MG TABLET,,-1
117,VENLAFAXINE HCL 37.5MG TABLET,,-1
118,QC COMPLETE ALLERGY 25MG CAP,,-1
119,LOTEMAX 0.5% EYE OINTMENT,,-1
120,CANDESARTAN CILEXETIL 16MG TB,CANDESARTAN CILEXETIL 16MG ORAL,95
121,ATENOLOL 25MG TABLET,,-1
122,BISOPROLOL-HYDROCHLOROTHIAZIDE 10-6.25MG TABLET,HYDROCHLOROTHIAZIDE 25MG ORAL,91
123,FLUTICASONE PROP 0.05% CREAM,,-1
124,CARTIA XT 180MG CAPSULE,CARTIA XT 180MG ORAL,86
125,OXYMORPHONE HCL ER 20MG TABLET,,-1
126,OXYBUTYNIN 5MG TABLET,,-1
127,BUMETANIDE 2MG TABLET,,-1
128,BACITRACIN 500 UNIT/GM OINTMNT,,-1
129,FENTORA 800MCG BUCCAL TABLET,,-1
130,OMEPRAZOLE DR 20MG CAPSULE,OMEPRAZOLE 20MG ORAL,86
131,METOCLOPRAMIDE 10MG TABLET,,-1
132,HM HYDROGEN PEROXIDE 3% SOLUTION,,-1
133,METHIMAZOLE 10MG TABLET,METHIMAZOLE 10MG ORAL,86
134,CYCLOPENTOLATE 1% EYE DROPS,,-1
135,OLMESARTAN-HYDROCHLOROTHIAZIDE 40-25MG TABLET,HYDROCHLOROTHIAZIDE 25MG ORAL,91
136,DESIPRAMINE 10MG TABLET,,-1
137,BUPROPION HCL SR 150MG TABLET,,-1
138,FENOFIBRATE 145MG TABLET,FENOFIBRATE 145MG ORAL,87
139,GENTAMICIN 0.1% OINTMENT,,-1
140,AMLODIPINE-ATORVAST 5-40MG,,-1
141,GRANISETRON HCL 1MG TABLET,,-1
142,ALBUTEROL SULFATE 2MG TABLET,ALBUTEROL SULFATE EQ 2MG BASE/5ML ORAL,86
143,BISOPROLOL-HYDROCHLOROTHIAZIDE 5-6.25MG TABLET,HYDROCHLOROTHIAZIDE 25MG ORAL,91
144,LEVOTHYROXINE 150MCG TABLET,,-1
145,BACLOFEN 20MG TABLET,,-1
146,KADIAN ER 50MG CAPSULE,,-1
147,CITALOPRAM HBR 10MG TABLET,,-1
148,INDAPAMIDE 2.5MG TABLET,INDAPAMIDE 2.5MG ORAL,86
149,LOSARTAN-HYDROCHLOROTHIAZIDE 50-12.5MG TABLET,HYDROCHLOROTHIAZIDE 12.5MG ORAL,91
150,TRAZODONE 100MG TABLET,,-1
151,ATENOLOL 50MG TABLET,,-1
152,CARISOPRODOL 250MG TABLET,CARISOPRODOL 250MG ORAL,88
153,QUETIAPINE FUMARATE 200MG TABLET,QUETIAPINE FUMARATE EQ 200MG BASE ORAL,88
154,NASAL DECONGESTANT 30MG TABLET,,-1
155,CILOSTAZOL 50MG TABLET,CILOSTAZOL 50MG ORAL,86
156,ALL DAY ALLERGY 10MG TABLET,,-1
157,CITALOPRAM HBR 40MG TABLET,,-1
158,CAPTOPRIL 50MG TABLET,,-1
159,NITROGLYCERIN 0.4MG TABLET SUB-LINGUAL,,-1
160,NADOLOL 20MG TABLET,,-1
161,JANTOVEN 1MG TABLET,,-1
162,PRAZOSIN 2MG CAPSULE,,-1
163,MONTELUKAST SOD 10MG TABLET,,-1
164,OXYBUTYNIN CL ER 10MG TABLET,,-1
165,OXCARBAZEPINE 600MG TABLET,OXCARBAZEPINE 600MG ORAL,88
166,PRAMIPEXOLE 1MG TABLET,,-1
167,OXYCODONE-ACETAMINOPHEN 10-325MG TABLET,,-1
168,SILDENAFIL 20MG TABLET,,-1
169,SANDIMMUNE 100MG CAPSULE,SANDIMMUNE 100MG ORAL,86
170,PAROXETINE HCL 30MG TABLET,,-1
171,ROSUVASTATIN CALCIUM 20MG TABLET,ROSUVASTATIN CALCIUM 20MG ORAL,91
172,TRAZODONE 150MG TABLET,,-1
173,TRIAMTERENE-HYDROCHLOROTHIAZIDE 75-50MG TABLET,HYDROCHLOROTHIAZIDE 50MG ORAL,91
174,NEOMYCIN 500MG TABLET,,-1
175,OXYCODONE HCL 10MG TABLET,,-1
176,LASTACAFT 0.25% EYE DROPS,,-1
177,TOPIRAMATE 200MG TABLET,TOPIRAMATE 200MG ORAL,86
178,TUMS 750MG CHEWY BITES,,-1
179,OMEPRAZOLE DR 20MG CAPSULE,OMEPRAZOLE 20MG ORAL,86
180,TAZTIA XT 180MG CAPSULE,TAZTIA XT 180MG ORAL,86
181,MECLIZINE 12.5MG TABLET,,-1
182,AMITRIPTYLINE HCL 10MG TABLET,,-1
183,SUMATRIPTAN 6MG/0.5ML VIAL,SUMATRIPTAN SUCCINATE EQ 6MG BASE/0.5ML (EQ 12MG BASE/ML) SUBCUTANEOUS,89
184,"METFORMIN HCL 1,000MG TABLET",,-1
185,FINACEA 15% GEL,,-1
186,ESCITALOPRAM 10MG TABLET,,-1
187,PREDNISONE 10MG TABLET,PREDNISONE 10MG ORAL,86
188,ALPRAZOLAM 0.5MG TABLET,ALPRAZOLAM 0.5MG ORAL,86
189,NITROGLYCERIN 0.6MG TABLET SUB-LINGUAL,,-1
190,HYOSCYAMINE SULF 0.125MG TABLET,,-1
191,PHENOBARBITAL 32.4MG TABLET,,-1
192,INFANT IBUPROFEN 50MG/1.25ML,,-1
193,TOLTERODINE TART ER 2MG CAP,,-1
194,PAROXETINE HCL 30MG TABLET,,-1
195,ACID GONE ANTACID LIQUID,,-1
196,DOXEPIN 50MG CAPSULE,,-1
197,BUSPIRONE HCL 5MG TABLET,,-1
198,OLANZAPINE ODT 10MG TABLET,OLANZAPINE 10MG ORAL,86
199,RIZATRIPTAN 10MG TABLET,,-1
200,BISACODYL 10MG SUPPOSITORY,,-1
201,CARBIDOPA-LEVODOPA 10-100 TABLET,,-1
202,CALCIPOTRIENE 0.005% CREAM,CALCIPOTRIENE 0.005% TOPICAL,86
203,DESVENLAFAXINE SUC ER 50MG TB,DESVENLAFAXINE 50MG ORAL,88
204,ANTI-DIARRHEAL 2MG TABLET,,-1
205,MINOCYCLINE 75MG CAPSULE,,-1
206,SM TUSSIN DM SYRUP,,-1
207,PHENYTOIN SOD EXT 300MG CAP,,-1
208,"VITAMIN D2 1.25MG(50,000 UNIT)",,-1
209,RHOFADE 1% CREAM,,-1
210,GLUCAGON 1MG EMERGENCY KIT,,-1
211,MONTELUKAST SOD 4MG TAB CHEWABLE,,-1
212,TRADJENTA 5MG TABLET,,-1
213,ALPRAZOLAM 0.5MG TABLET,ALPRAZOLAM 0.5MG ORAL,86
214,AURYXIA 210MG TABLET,,-1
215,M-CLEAR WC LIQUID,,-1
216,NIFEDIPINE ER 60MG TABLET,NIFEDIPINE 60MG ORAL,86
217,OLANZAPINE ODT 5MG TABLET,,-1
218,OMEPRAZOLE DR 20MG CAPSULE,OMEPRAZOLE 20MG ORAL,86
219,QUETIAPINE FUMARATE 100MG TABLET,QUETIAPINE FUMARATE EQ 100MG BASE ORAL,88
220,DELSYM COUGH+CHEST CNGST DM LQ,,-1
221,MULTIVIT-FLUOR 0.25MG TAB CHEWABLE,,-1
222,VERAPAMIL 80MG TABLET,,-1
223,"MUCINEX D ER 1,200-120MG TABLET",,-1
224,GATIFLOXACIN 0.5% EYE DROPS,,-1
225,PROPRANOLOL 40MG TABLET,,-1
226,HYDROCHLOROTHIAZIDE 25MG TABLET,HYDROCHLOROTHIAZIDE 25MG ORAL,91
227,METOPROLOL SUCC ER 100MG TABLET,,-1
228,ALPRAZOLAM 0.25MG TABLET,ALPRAZOLAM 0.25MG ORAL,87
229,ORTHO MICRONOR 0.35MG TABLET,,-1
230,ONDANSETRON HCL 4MG TABLET,ONDANSETRON 4MG ORAL,86
231,ANTACID 500MG CHEWABLE TABLET,,-1
232,TRAMADOL-ACETAMINOPHEN 37.5-325MG TABLET,TRAMADOL HYDROCHLORIDE AND ACETAMINOPHEN 325MG;37.5MG ORAL,87
233,NARATRIPTAN HCL 2.5MG TABLET,,-1
234,ONDANSETRON ODT 8MG TABLET,ONDANSETRON 8MG ORAL,86
235,ARIPIPRAZOLE 1MG/ML SOLUTION,ARIPIPRAZOLE 1MG/ML ORAL,88
236,DEXAMETHASONE INTENSOL 1MG/1ML,DEXAMETHASONE INTENSOL 1MG/ML ORAL,93
237,CLINDAMYCIN PHOSP 1% LOTION,,-1
238,MULTIVIT-FLUOR 0.5MG TAB CHEWABLE,,-1
239,ARIPIPRAZOLE 5MG TABLET,ARIPIPRAZOLE 5MG ORAL,86
240,TRIAZOLAM 0.25MG TABLET,TRIAZOLAM 0.25MG ORAL,86
241,PAROXETINE HCL 10MG TABLET,,-1
242,DULOXETINE HCL DR 60MG CAP,,-1
243,ATENOLOL 100MG TABLET,,-1
244,FEXOFENADINE HCL 180MG TABLET,,-1
245,ESTRADIOL-NORETH 0.5-0.1MG TB,,-1
246,DIVALPROEX SOD DR 125MG TABLET,,-1
247,LIDOCAINE 5% OINTMENT,,-1
248,DIETHYLPROPION 25MG TABLET,,-1
249,PIOGLITAZONE HCL 45MG TABLET,,-1
250,AMOX-CLAV 250-62.5MG/5ML SUS,,-1
251,OLMESARTAN MEDOXOMIL 5MG TABLET,OLMESARTAN MEDOXOMIL 5MG ORAL,91
252,OLANZAPINE 10MG TABLET,OLANZAPINE 10MG ORAL,86
253,DANTROLENE SODIUM 25MG CAP,DANTROLENE SODIUM 25MG ORAL,92
254,TRAMADOL HCL 50MG TABLET,,-1
255,INDOMETHACIN ER 75MG CAPSULE,INDOMETHACIN 75MG ORAL,87
256,CHOLESTYRAMINE LIGHT POWDER,,-1
257,AMITRIPTYLINE HCL 100MG TABLET,,-1
258,ZANTAC 150MG TABLET,,-1
259,GALANTAMINE ER 16MG CAPSULE,,-1
260,GEODON 20MG CAPSULE,,-1
261,QUETIAPINE FUMARATE 200MG TABLET,QUETIAPINE FUMARATE EQ 200MG BASE ORAL,88
262,PRAMIPEXOLE 1MG TABLET,,-1
263,DIAPER RASH 40% OINTMENT,,-1
264,CIPROFLOXACIN HCL 500MG TABLET,,-1
265,OXYCODONE HCL 15MG TABLET,,-1
266,CHLORTHALIDONE 25MG TABLET,CHLORTHALIDONE 25MG ORAL,88
267,OLMESARTAN MEDOXOMIL 5MG TABLET,OLMESARTAN MEDOXOMIL 5MG ORAL,91
268,CALCIPOTRIENE 0.005% CREAM,CALCIPOTRIENE 0.005% TOPICAL,86
269,VERAPAMIL ER 120MG TABLET,,-1
270,LACTULOSE 10 GM/15ML SOLUTION,,-1
271,ESOMEPRAZOLE MAG DR 20MG CAP,,-1
272,CANDESARTAN CILEXETIL 16MG TB,CANDESARTAN CILEXETIL 16MG ORAL,95
273,HYDRALAZINE 25MG TABLET,,-1
274,PIOGLITAZONE HCL 30MG TABLET,,-1
275,LANSOPRAZOLE DR 30MG CAPSULE,LANSOPRAZOLE 30MG ORAL,87
276,ENOXAPARIN 30MG/0.3ML SYRINGE,,-1
277,SUMATRIPTAN 6MG/0.5ML VIAL,SUMATRIPTAN SUCCINATE EQ 6MG BASE/0.5ML (EQ 12MG BASE/ML) SUBCUTANEOUS,89
278,PROGESTERONE 100MG CAPSULE,PROGESTERONE 100MG ORAL,88
279,CAPTOPRIL 25MG TABLET,,-1
280,SIMVASTATIN 40MG TABLET,SIMVASTATIN 40MG ORAL,86
281,"TESTOSTERON CYP 1,000MG/10ML",,-1
282,DRONABINOL 2.5MG CAPSULE,DRONABINOL 2.5MG ORAL,86
283,KETOCONAZOLE 2% SHAMPOO,,-1
284,FELODIPINE ER 2.5MG TABLET,FELODIPINE 2.5MG ORAL,86
285,PREMPRO 0.45-1.5MG TABLET,,-1
286,PAROXETINE HCL 40MG TABLET,,-1
287,BUPROPION HCL SR 200MG TABLET,,-1
288,ACETAMINOPHEN-COD #3 TABLET,,-1
289,PREDNISONE 20MG TABLET,PREDNISONE 20MG ORAL,86
290,TOPIRAMATE 200MG TABLET,TOPIRAMATE 200MG ORAL,86
291,SERTRALINE HCL 25MG TABLET,,-1
292,VERAPAMIL ER 240MG TABLET,,-1
293,VERAPAMIL ER 120MG TABLET,,-1
294,CANDESARTAN CILEXETIL 32MG TB,CANDESARTAN CILEXETIL 32MG ORAL,95
295,AMLODIPINE-ATORVAST 5-40MG,,-1
296,DENTA 5000 PLUS CREAM,,-1
297,CLOPIDOGREL 75MG TABLET,,-1
298,MONTELUKAST SOD 5MG TAB CHEWABLE,,-1
299,TOLTERODINE TART ER 4MG CAP,,-1
300,LAMOTRIGINE 200MG TABLET,LAMOTRIGINE 200MG ORAL,87
301,METRONIDAZOLE 0.75% LOTION,,-1
302,ASMANEX TWISTHALR 220MCG #120,,-1
303,PROPRANOLOL 20MG TABLET,,-1
304,DOXYCYCLINE HYCLATE 100MG CAP,DOXYCYCLINE HYCLATE EQ 100MG BASE ORAL,93
305,TELMISARTAN 80MG TABLET,TELMISARTAN 80MG ORAL,86
306,LIDOCAINE 3% CREAM,,-1
307,ALLERGY RELIEF 25MG TABLET,,-1
308,DOXYCYCLINE HYC DR 100MG TABLET,,-1
309,FENOFIBRIC ACID DR 45MG CAP,,-1
310,DOFETILIDE 500MCG CAPSULE,,-1
311,CYCLOSPORINE 100MG CAPSULE,CYCLOSPORINE 100MG ORAL,88
312,LATANOPROST 0.005% EYE DROPS,,-1
313,DOXYCYCLINE HYCLATE 150MG TABLET,DOXYCYCLINE HYCLATE EQ 150MG BASE ORAL,88
314,DOXYCYCLINE HYCLATE 100MG TABLET,DOXYCYCLINE HYCLATE EQ 100MG BASE ORAL,88
315,CLOPIDOGREL 75MG TABLET,,-1
316,REXULTI 0.5MG TABLET,,-1
317,INFANT IBUPROFEN 50MG/1.25ML,,-1
318,NATEGLINIDE 60MG TABLET,NATEGLINIDE 60MG ORAL,86
319,METHYLPHENIDATE ER 54MG TABLET,,-1
320,TRIMETHOBENZAMIDE 300MG CAP,TRIMETHOBENZAMIDE HYDROCHLORIDE 300MG ORAL,92
321,URSODIOL 300MG CAPSULE,,-1
322,COUMADIN 1MG TABLET,,-1
323,OLMESARTAN MEDOXOMIL 40MG TABLET,OLMESARTAN MEDOXOMIL 40MG ORAL,91
324,ACYCLOVIR 800MG TABLET,ACYCLOVIR 800MG ORAL,86
325,IBUPROFEN 200MG TABLET,IBUPROFEN 200MG ORAL,86
326,"NYSTATIN 100,000 UNIT/ML SUSP",,-1
327,OLANZAPINE 15MG TABLET,OLANZAPINE 15MG ORAL,86
328,METHYLPHENIDATE 10MG TABLET,,-1
329,CLOBETASOL PROP 0.05% FOAM,,-1
330,FLUOXETINE HCL 10MG TABLET,,-1
331,ALL DAY RELIEF 220MG CAPLET,,-1
332,GLIMEPIRIDE 2MG TABLET,GLIMEPIRIDE 2MG ORAL,86
333,LABETALOL HCL 100MG TABLET,,-1
334,TAMSULOSIN HCL 0.4MG CAPSULE,,-1
335,HYDROMORPHONE 4MG TABLET,,-1
336,SIMVASTATIN 80MG TABLET,SIMVASTATIN 80MG ORAL,86
337,LANSOPRAZOLE DR 15MG CAPSULE,LANSOPRAZOLE 15MG ORAL,87
338,GABAPENTIN 300MG CAPSULE,GABAPENTIN 300MG ORAL,86
339,SILVER SULFADIAZINE 1% CREAM,,-1
340,CALCIUM ANTACID 750MG TB CHEWABLE,,-1
341,THIOTHIXENE 2MG CAPSULE,THIOTHIXENE 2MG ORAL,86
342,OLMESARTAN MEDOXOMIL 20MG TABLET,OLMESARTAN MEDOXOMIL 20MG ORAL,91
343,HYDROCODONE-ACETAMINOPHEN 7.5-325MG TABLET,HYDROCODONE BITARTRATE AND ACETAMINOPHEN 325MG/15ML;7.5MG/15ML ORAL,88
344,CLONIDINE 0.1MG/DAY PATCH,,-1
345,PHENYTOIN SOD EXT 100MG CAP,,-1
346,OLANZAPINE 10MG TABLET,OLANZAPINE 10MG ORAL,86
347,JANUVIA 25MG TABLET,,-1
348,ENOXAPARIN 300MG/3ML VIAL,"ENOXAPARIN SODIUM 300MG/3ML (100MG/ML) INTRAVENOUS, SUBCUTANEOUS",89
349,TRANDOLAPRIL 2MG TABLET,TRANDOLAPRIL 2MG ORAL,86
350,ATAZANAVIR SULFATE 200MG CAP,ATAZANAVIR SULFATE EQ 200MG BASE ORAL,92
351,SILADRYL 12.5MG/5ML LIQUID,,-1
352,SUMATRIPTAN SUCC 50MG TABLET,,-1
353,LOSARTAN-HYDROCHLOROTHIAZIDE 50-12.5MG TABLET,HYDROCHLOROTHIAZIDE 12.5MG ORAL,91
354,HYDROXYZINE HCL 10MG TABLET,,-1
355,VALSARTAN-HYDROCHLOROTHIAZIDE 320-12.5MG TABLET,HYDROCHLOROTHIAZIDE 12.5MG ORAL,91
356,DRONABINOL 2.5MG CAPSULE,DRONABINOL 2.5MG ORAL,86
357,LISINOPRIL 20MG TABLET,LISINOPRIL 20MG ORAL,86
358,DILTIAZEM 12HR ER 90MG CAP,,-1
359,TRAZODONE 50MG TABLET,,-1
360,ALPRAZOLAM 0.25MG TABLET,ALPRAZOLAM 0.25MG ORAL,87
361,CLINDAMYCIN HCL 150MG CAPSULE,,-1
362,AMLODIPINE BESYLATE 2.5MG TABLET,AMLODIPINE BESYLATE AND BENAZEPRIL HYDROCHLORIDE EQ 2.5MG BASE;10MG ORAL,88
363,IBUPROFEN 200MG TABLET,IBUPROFEN 200MG ORAL,86
364,FOLIC ACID 1MG TABLET,,-1
365,WARFARIN SODIUM 2MG TABLET,WARFARIN SODIUM 2MG ORAL,88
366,ALBUTEROL SUL 2.5MG/3ML SOLUTION,,-1
367,FLUCONAZOLE 200MG TABLET,FLUCONAZOLE 200MG ORAL,87
368,BETHANECHOL 50MG TABLET,,-1
369,ALLOPURINOL 300MG TABLET,ALLOPURINOL 300MG ORAL,87
370,ENALAPRIL MALEATE 2.5MG TABLET,ENALAPRIL MALEATE 2.5MG ORAL,90
371,CHILDREN IBUPROFEN 100MG/5ML,CHILDREN'S IBUPROFEN 100MG/5ML ORAL,100
372,QUETIAPINE FUMARATE 50MG TABLET,QUETIAPINE FUMARATE EQ 50MG BASE ORAL,87
373,"JENTADUETO XR 2.5MG-1,000MG",,-1
374,FENTANYL 25MCG/HR PATCH,,-1
375,CITALOPRAM HBR 10MG TABLET,,-1
376,COLESTIPOL MICRONIZED 1 GM TABLET,,-1
377,PROMETHAZINE 12.5MG TABLET,,-1
378,HYDROCODONE-ACETAMINOPHEN 7.5-300MG TABLET,HYDROCODONE BITARTRATE AND ACETAMINOPHEN 300MG;7.5MG ORAL,88
379,PANTOPRAZOLE SOD DR 40MG TABLET,,-1
380,GABAPENTIN 600MG TABLET,GABAPENTIN 600MG ORAL,86
381,LOSARTAN-HYDROCHLOROTHIAZIDE 50-12.5MG TABLET,HYDROCHLOROTHIAZIDE 12.5MG ORAL,91
382,HYDROXYZINE HCL 25MG TABLET,,-1
383,"CREON DR 36,000 UNITS CAPSULE",,-1
384,MISOPROSTOL 100MCG TABLET,,-1
385,MEGESTROL 40MG TABLET,,-1
386,CLORAZEPATE 3.75MG TABLET,,-1
387,BISAC-EVAC 10MG SUPPOSITORY,,-1
388,TRETINOIN 0.05% GEL,TRETINOIN 0.05% TOPICAL,88
389,HYDROCHLOROTHIAZIDE 25MG TABLET,HYDROCHLOROTHIAZIDE 25MG ORAL,91
390,GLYXAMBI 25MG-5MG TABLET,GLYXAMBI 25MG;5MG ORAL,87
391,LOSARTAN POTASSIUM 100MG TABLET,LOSARTAN POTASSIUM 100MG ORAL,91
392,KLOR-CON 10 MEQ TABLET,,-1
393,BUTALB-ACETAMINOPHEN-CAFF 50-325-40 TABLET,,-1
394,XIFAXAN 550MG TABLET,,-1
395,FLUOCINONIDE 0.05% GEL,FLUOCINONIDE 0.05% TOPICAL,89
396,ENALAPRIL MALEATE 2.5MG TABLET,ENALAPRIL MALEATE 2.5MG ORAL,90
397,LISINOPRIL 30MG TABLET,LISINOPRIL 30MG ORAL,86
398,LISINOPRIL 40MG TABLET,LISINOPRIL 40MG ORAL,86
399,PREDNISONE 20MG TABLET,PREDNISONE 20MG ORAL,86
400,GENTAMICIN 0.1% CREAM,,-1
401,HYDRALAZINE 10MG TABLET,,-1
402,INDOMETHACIN 50MG CAPSULE,INDOMETHACIN 50MG ORAL,87
403,CHILD PAIN-FEVER 160MG/5ML,,-1
404,CAMILA 0.35MG TABLET,,-1
405,BUDESONIDE EC 3MG CAPSULE,,-1
406,DELSYM COUGH-COLD DAYTIME LIQ,,-1
407,SM EYE DROPS ADVANCED RELIEF,,-1
408,FLECAINIDE ACETATE 150MG TABLET,FLECAINIDE ACETATE 150MG ORAL,91
409,PAROXETINE ER 25MG TABLET,,-1
410,HYDROCHLOROTHIAZIDE 25MG TABLET,HYDROCHLOROTHIAZIDE 25MG ORAL,91
411,SYMLINPEN 120 PEN INJECTOR,,-1
412,BISACODYL EC 5MG TABLET,,-1
413,TIKOSYN 250MCG CAPSULE,,-1
414,BISOPROLOL FUMARATE 5MG TABLET,BISOPROLOL FUMARATE 5MG ORAL,90
415,ERYTHROMYCIN 2% GEL,ERYTHROMYCIN 2% TOPICAL,88
416,BUSPIRONE HCL 15MG TABLET,,-1
417,"METFORMIN HCL 1,000MG TABLET",,-1
418,VERAPAMIL 40MG TABLET,,-1
419,KLOR-CON-EF 25 MEQ TAB EFFERVESCENT,,-1
420,ADZENYS XR-ODT 3.1MG TABLET,,-1
421,IBUPROFEN 200MG TABLET,IBUPROFEN 200MG ORAL,86
422,ZIPRASIDONE HCL 40MG CAPSULE,,-1
423,GABAPENTIN 250MG/5ML SOLUTION,GABAPENTIN 250MG/5ML ORAL,89
424,BETAMETHASONE DP AUG 0.05% LOT,,-1
425,CLOMIPRAMINE 25MG CAPSULE,,-1
426,LORATADINE-D 12 HOUR TABLET,,-1
427,SIMVASTATIN 40MG TABLET,SIMVASTATIN 40MG ORAL,86
428,RIZATRIPTAN 10MG TABLET,,-1
429,PROPRANOLOL 80MG TABLET,,-1
430,GUANFACINE HCL ER 2MG TABLET,,-1
431,PATANOL 0.1% EYE DROPS,,-1
432,METHYLPHENIDATE 10MG TABLET,,-1
433,HYDROCODONE-HOMATROPINE SOLUTION,,-1
434,LOSARTAN POTASSIUM 50MG TABLET,LOSARTAN POTASSIUM 50MG ORAL,90
435,LOSARTAN-HYDROCHLOROTHIAZIDE 100-25MG TABLET,HYDROCHLOROTHIAZIDE 25MG ORAL,91
436,OXYCODONE-ACETAMINOPHEN 5-325MG TABLET,OXYCODONE AND ACETAMINOPHEN 325MG/5ML;5MG/5ML ORAL,87
437,"ZENPEP DR 5,000 UNIT CAPSULE",,-1
438,ACEPHEN 650MG SUPPOSITORY,,-1
439,REFRESH CLASSIC EYE DROPS,,-1
440,DILTIAZEM 120MG TABLET,,-1
441,FOSINOPRIL-HYDROCHLOROTHIAZIDE 10-12.5MG TABLET,HYDROCHLOROTHIAZIDE 12.5MG ORAL,91
442,COTEMPLA XR-ODT 8.6MG TABLET,COTEMPLA XR-ODT 8.6MG ORAL,89
443,RAMIPRIL 1.25MG CAPSULE,RAMIPRIL 1.25MG ORAL,86
444,FLUCONAZOLE 200MG TABLET,FLUCONAZOLE 200MG ORAL,87
445,ABILIFY 30MG TABLET,,-1
446,ACAMPROSATE CALC DR 333MG TABLET,,-1
447,MORPHINE SULFATE ER 20MG CAP,MORPHINE SULFATE 20MG ORAL,89
448,BUTALB-ACETAMINOPHEN-CAFF 50-325-40 TABLET,,-1
449,VALACYCLOVIR HCL 1 GRAM TABLET,,-1
450,CELECOXIB 50MG CAPSULE,,-1
451,IBUPROFEN PM CAPLET,,-1
452,ZONISAMIDE 100MG CAPSULE,ZONISAMIDE 100MG ORAL,86
453,GUANFACINE 2MG TABLET,,-1
454,ALL DAY PAIN RELIEF 220MG TABLET,,-1
455,SHAROBEL 0.35MG TABLET,,-1
456,FLUOROURACIL 5% TOPICAL SOLUTION,FLUOROURACIL 5% TOPICAL,100
457,CARVEDILOL 6.25MG TABLET,CARVEDILOL 6.25MG ORAL,87
458,METHYLPHENIDATE ER 20MG TABLET,,-1
459,METOPROLOL TARTRATE 25MG TABLET,METOPROLOL TARTRATE 25MG ORAL,91
460,MELOXICAM 15MG TABLET,,-1
461,MODAFINIL 200MG TABLET,MODAFINIL 200MG ORAL,86
462,PAIN RELIEVER 500MG CAPLET,,-1
463,CHILDREN'S MUCINEX COUGH LIQ,,-1
464,AMILORIDE HCL-HYDROCHLOROTHIAZIDE 5-50MG TABLET,HYDROCHLOROTHIAZIDE 50MG ORAL,91
465,KLONOPIN 1MG TABLET,,-1
466,OLANZAPINE ODT 10MG TABLET,OLANZAPINE 10MG ORAL,86
467,MONTELUKAST SOD 10MG TABLET,,-1
468,MICROGESTIN FE 1.5-30 TABLET,MICROGESTIN FE 1.5/30 0.03MG;1.5MG ORAL-28,86
469,METRONIDAZOLE 500MG TABLET,METRONIDAZOLE 500MG ORAL,88
470,LEVOBUNOLOL 0.5% EYE DROPS,,-1
471,INVEGA SUSTENNA 234MG/1.5ML,INVEGA SUSTENNA 234MG/1.5ML (156MG/ML) INTRAMUSCULAR,100
472,CANDESARTAN CILEXETIL 16MG TB,CANDESARTAN CILEXETIL 16MG ORAL,95
473,NEUPRO 2MG/24 HR PATCH,,-1
474,CHILD PAIN-FEVER 160MG/5ML,,-1
475,SUBVENITE 100MG TABLET,,-1
476,LEVONOR-ETH ESTRAD TRIPHASIC,,-1
477,DAPSONE 100MG TABLET,,-1
478,LAMIVUDINE-ZIDOVUDINE TABLET,"ABACAVIR SULFATE, LAMIVUDINE AND ZIDOVUDINE EQ 300MG BASE;150MG;300MG ORAL",86
479,MINTOX SUSPENSION,,-1
480,RANITIDINE 15MG/ML SYRUP,RANITIDINE HYDROCHLORIDE EQ 15MG BASE/ML ORAL,86
481,ROSUVASTATIN CALCIUM 5MG TABLET,ROSUVASTATIN CALCIUM 5MG ORAL,91
482,GABAPENTIN 100MG CAPSULE,GABAPENTIN 100MG ORAL,86
483,DUTASTERIDE-TAMSULOSIN 0.5-0.4,DUTASTERIDE AND TAMSULOSIN HYDROCHLORIDE 0.5MG;0.4MG ORAL,92
484,METFORMIN HCL 500MG TABLET,,-1
485,HM ALLERGY RELIEF 10MG TABLET,,-1
486,RASAGILINE MESYLATE 0.5MG TABLET,RASAGILINE MESYLATE EQ 0.5MG BASE ORAL,88
487,MEGESTROL 40MG TABLET,,-1
488,ALLER-EASE 60MG TABLET,,-1
489,SM ASPIRIN EC 81MG TABLET,,-1
490,LISINOPRIL 20MG TABLET,LISINOPRIL 20MG ORAL,86
491,DIVALPROEX SOD DR 500MG TABLET,,-1
492,BUMETANIDE 0.5MG TABLET,BUMETANIDE 0.5MG ORAL,86
493,MORPHINE SULFATE ER 50MG CAP,MORPHINE SULFATE 50MG ORAL,89
494,GABAPENTIN 600MG TABLET,GABAPENTIN 600MG ORAL,86
495,MONTELUKAST SOD 4MG TAB CHEWABLE,,-1
496,PIOGLITAZONE HCL 45MG TABLET,,-1
497,OMEPRAZOLE MAG DR 20.6MG CAP,,-1
498,OMEPRAZOLE DR 20MG TABLET,OMEPRAZOLE 20MG ORAL,86
499,TELMISARTAN 20MG TABLET,TELMISARTAN 20MG ORAL,86
500,HALOBETASOL PROP 0.05% CREAM,,-1
501,NAMENDA XR 28MG CAPSULE,NAMENDA XR 28MG ORAL,86
502,MONTELUKAST SOD 5MG TAB CHEWABLE,,-1
503,ALL DAY ALLERGY 10MG TABLET,,-1
504,CELEBREX 400MG CAPSULE,,-1
505,OLMESARTAN MEDOXOMIL 40MG TABLET,OLMESARTAN MEDOXOMIL 40MG ORAL,91
506,LEVETIRACETAM 250MG TABLET,LEVETIRACETAM 250MG ORAL,88
507,AMANTADINE 100MG CAPSULE,,-1
508,LEVETIRACETAM 250MG TABLET,LEVETIRACETAM 250MG ORAL,88
509,FENTANYL 25MCG/HR PATCH,,-1
510,SYMPROIC 0.2MG TABLET,,-1
511,MELOXICAM 7.5MG TABLET,MELOXICAM 7.5MG ORAL,86
512,GABAPENTIN 100MG CAPSULE,GABAPENTIN 100MG ORAL,86
513,BUSPIRONE HCL 5MG TABLET,,-1
514,OXCARBAZEPINE 300MG TABLET,OXCARBAZEPINE 300MG ORAL,88
515,TOLTERODINE TART ER 4MG CAP,,-1
516,SERTRALINE HCL 50MG TABLET,,-1
517,METRONIDAZOLE 250MG TABLET,METRONIDAZOLE 250MG ORAL,88
518,ZALEPLON 10MG CAPSULE,,-1
519,GS PAIN RELIEF 500MG CAPLET,,-1
520,OLMESARTAN-HYDROCHLOROTHIAZIDE 20-12.5MG TABLET,HYDROCHLOROTHIAZIDE 12.5MG ORAL,91
521,TERAZOSIN 2MG CAPSULE,,-1
522,IBUPROFEN 200MG SOFTGEL,IBUPROFEN 200MG ORAL,86
523,TRAZODONE 100MG TABLET,,-1
524,BUDESONIDE ER 9MG TABLET,,-1
525,QSYMIA 15MG-92MG CAPSULE,,-1
526,ACYCLOVIR 5% OINTMENT,,-1
527,NEOMYC-POLYM-DEXAMET EYE OINTM,,-1
528,ACYCLOVIR 5% OINTMENT,,-1
529,LIOTHYRONINE SOD 5MCG TABLET,,-1
530,FINASTERIDE 5MG TABLET,FINASTERIDE 5MG ORAL,86
531,AMLODIPINE-VALSARTAN-HYDROCHLOROTHIAZIDE 10-160-25MG TABLET,HYDROCHLOROTHIAZIDE 25MG ORAL,91
532,LITHIUM CARBONATE 300MG TABLET,LITHIUM CARBONATE 300MG ORAL,90
533,TUMS E-X TABLET CHEWABLE,,-1
534,JANTOVEN 3MG TABLET,,-1
535,LAMIVUDINE 300MG TABLET,LAMIVUDINE 300MG ORAL,86
536,HYDRALAZINE 25MG TABLET,,-1
537,ATENOLOL 100MG TABLET,,-1
538,ALBUTEROL SULFATE 4MG TABLET,ALBUTEROL SULFATE EQ 4MG BASE ORAL,86
539,CLONAZEPAM 1MG TABLET,,-1
540,CLOZAPINE 25MG TABLET,,-1
541,INTROVALE 0.15-0.03MG TABLET,,-1
542,PRAMIPEXOLE 0.125MG TABLET,,-1
543,ARIPIPRAZOLE 5MG TABLET,ARIPIPRAZOLE 5MG ORAL,86
544,WARFARIN SODIUM 3MG TABLET,WARFARIN SODIUM 3MG ORAL,88
545,TUMS E-X TABLET CHEWABLE,,-1
546,FLUOXETINE HCL 20MG CAPSULE,,-1
547,MULTIVIT-FLUOR 0.25MG TAB CHEWABLE,,-1
548,ALPRAZOLAM 0.5MG TABLET,ALPRAZOLAM 0.5MG ORAL,86
549,EZETIMIBE 10MG TABLET,,-1
550,CLORAZEPATE 7.5MG TABLET,,-1
551,TANZEUM 30MG PEN INJECT,,-1
552,NEVIRAPINE ER 400MG TABLET,NEVIRAPINE 400MG ORAL,86
553,QUETIAPINE ER 400MG TABLET,,-1
554,FML S.O.P. 0.1% OINTMENT,,-1
555,CELECOXIB 100MG CAPSULE,CELECOXIB 100MG ORAL,86
556,HYDROCODONE-ACETAMINOPHEN 10-325MG TABLET,HYDROCODONE BITARTRATE AND ACETAMINOPHEN 325MG/15ML;7.5MG/15ML ORAL,86
557,TRAMADOL HCL 50MG TABLET,,-1
558,GABAPENTIN 300MG CAPSULE,GABAPENTIN 300MG ORAL,86
559,LORAZEPAM 1MG TABLET,,-1
560,CLEARLAX POWDER PACKET,,-1
561,OXYCODONE-ACETAMINOPHEN 7.5-325MG TABLET,OXYCODONE AND ACETAMINOPHEN 325MG;7.5MG ORAL,87
562,TIZANIDINE HCL 6MG CAPSULE,,-1
563,METRONIDAZOLE 250MG TABLET,METRONIDAZOLE 250MG ORAL,88
564,SULFAMETHOXAZOLE-TMP DS TABLET,,-1
565,NITROFURANTOIN MCR 100MG CAP,NITROFURANTOIN 100MG ORAL,89
566,TUSSIN CF COUGH-COLD SYRUP,,-1
567,CLONIDINE HCL 0.2MG TABLET,,-1
568,FLUTICASONE PROP 0.005% OINT,,-1
569,VALSARTAN-HYDROCHLOROTHIAZIDE 80-12.5MG TABLET,HYDROCHLOROTHIAZIDE 12.5MG ORAL,91
570,HM INF GAS RELIEF 20MG/0.3ML,,-1
571,ASPIRIN 325MG TABLET,,-1
572,FENOFIBRATE 43MG CAPSULE,FENOFIBRATE 43MG ORAL,86
573,AMLODIPINE BESYLATE 2.5MG TABLET,AMLODIPINE BESYLATE AND BENAZEPRIL HYDROCHLORIDE EQ 2.5MG BASE;10MG ORAL,88
574,LAMOTRIGINE ER 25MG TABLET,LAMOTRIGINE 25MG ORAL,86
575,BUPROPION HCL XL 300MG TABLET,,-1
576,BRILINTA 60MG TABLET,,-1
577,ROSUVASTATIN CALCIUM 5MG TABLET,ROSUVASTATIN CALCIUM 5MG ORAL,91
578,GLIMEPIRIDE 4MG TABLET,GLIMEPIRIDE 4MG ORAL,86
579,IBUPROFEN 100MG/5ML SUSP,CHILDREN'S IBUPROFEN 100MG/5ML ORAL,88
580,TRIAMCINOLONE 0.5% OINTMENT,,-1
581,SUMATRIPTAN SUCC 25MG TABLET,,-1
582,MODAFINIL 100MG TABLET,MODAFINIL 100MG ORAL,86
583,TRANEXAMIC ACID 650MG TABLET,TRANEXAMIC ACID 650MG ORAL,89
584,COLCHICINE 0.6MG TABLET,COLCHICINE 0.6MG ORAL,86
585,TRIAMCINOLONE 0.1% CREAM,,-1
586,FLUTICASONE PROP 50MCG SPRAY,,-1
587,RALOXIFENE HCL 60MG TABLET,,-1
588,GABAPENTIN 400MG CAPSULE,GABAPENTIN 400MG ORAL,86
589,SUBOXONE 2MG-0.5MG SL FILM,,-1
590,TAZORAC 0.1% CREAM,,-1
591,DESVENLAFAXINE SUC ER 50MG TB,DESVENLAFAXINE 50MG ORAL,88
592,PRAVASTATIN SODIUM 20MG TABLET,PRAVASTATIN SODIUM 20MG ORAL,90
593,SM OMEPRAZOLE DR 20MG TABLET,OMEPRAZOLE 20MG ORAL,86
594,FENTANYL 100MCG/2ML VIAL,,-1
595,MIRTAZAPINE 30MG TABLET,MIRTAZAPINE 30MG ORAL,86
596,DEXTROAMPHETAMINE 5MG TABLET,DEXTROAMPHETAMINE SULFATE 5MG ORAL,86
597,ROPINIROLE HCL ER 6MG TABLET,,-1
598,CHLORDIAZEPOXIDE 10MG CAPSULE,,-1
599,FLUOXETINE HCL 10MG CAPSULE,,-1
600,DICLOFENAC SOD DR 75MG TABLET,,-1
601,HYDROXYZINE HCL 25MG TABLET,,-1
602,DOXEPIN 25MG CAPSULE,,-1
603,CAPECITABINE 500MG TABLET,CAPECITABINE 500MG ORAL,88
604,LIDOCAINE 3% CREAM,,-1
605,KLOR-CON M10 TABLET,,-1
606,PROPAFENONE HCL ER 425MG CAP,,-1
607,DIVALPROEX SOD ER 250MG TABLET,,-1
608,WARFARIN SODIUM 10MG TABLET,WARFARIN SODIUM 10MG ORAL,89
609,LORAZEPAM 2MG TABLET,,-1
610,PRAMIPEXOLE 0.25MG TABLET,,-1
611,FLECAINIDE ACETATE 150MG TABLET,FLECAINIDE ACETATE 150MG ORAL,91
612,BICALUTAMIDE 50MG TABLET,BICALUTAMIDE 50MG ORAL,87
613,ATORVASTATIN 10MG TABLET,,-1
614,HM ASPIRIN EC 325MG TABLET,,-1
615,MEGESTROL 20MG TABLET,,-1
616,FUROSEMIDE 80MG TABLET,FUROSEMIDE 80MG ORAL,86
617,LISINOPRIL 40MG TABLET,LISINOPRIL 40MG ORAL,86
618,ARIPIPRAZOLE 15MG TABLET,ARIPIPRAZOLE 15MG ORAL,87
619,POTASSIUM CL ER 8 MEQ CAPSULE,,-1
620,TERBINAFINE HCL 250MG TABLET,,-1
621,CALCIUM ANTACID 750MG TB CHEWABLE,,-1
622,PRISTIQ ER 100MG TABLET,,-1
623,LETROZOLE 2.5MG TABLET,LETROZOLE 2.5MG ORAL,86
624,LEVOTHYROXINE 175MCG TABLET,,-1
625,PHENTERMINE 30MG CAPSULE,,-1
626,METOCLOPRAMIDE 10MG TABLET,,-1
627,MORPHINE SULFATE ER 60MG CAP,MORPHINE SULFATE 60MG ORAL,89
628,BETHANECHOL 50MG TABLET,,-1
629,QUETIAPINE FUMARATE 400MG TABLET,QUETIAPINE FUMARATE EQ 400MG BASE ORAL,88
630,ARIPIPRAZOLE 30MG TABLET,ARIPIPRAZOLE 30MG ORAL,87
631,MONTELUKAST SOD 4MG TAB CHEWABLE,,-1
632,IBUPROFEN 800MG TABLET,IBUPROFEN 800MG ORAL,86
633,OLMESARTAN-HYDROCHLOROTHIAZIDE 20-12.5MG TABLET,HYDROCHLOROTHIAZIDE 12.5MG ORAL,91
634,MISOPROSTOL 200MCG TABLET,,-1
635,BACLOFEN 10MG TABLET,,-1
636,PROCHLORPERAZINE 25MG SUPP,PROCHLORPERAZINE 25MG RECTAL,89
637,POTASSIUM CITRATE ER 15 MEQ TB,,-1
638,CEFPROZIL 500MG TABLET,CEFPROZIL 500MG ORAL,86
639,LIDOCAINE ANORECTAL 5% CREAM,,-1
640,BUTALB-ACETAMINOPHEN-CAFF 50-325-40 TABLET,,-1
641,HYDROGEN PEROXIDE 3% SOLUTION,,-1
642,RIVASTIGMINE 13.3MG/24HR PTCH,RIVASTIGMINE 13.3MG/24HR TRANSDERMAL,91
643,FINASTERIDE 1MG TABLET,FINASTERIDE 1MG ORAL,86
644,PROPRANOLOL 10MG TABLET,,-1
645,NP THYROID 90MG TABLET,,-1
646,LANSOPRAZOLE DR 15MG CAPSULE,LANSOPRAZOLE 15MG ORAL,87
647,METFORMIN HCL 500MG TABLET,,-1
648,DESLORATADINE 5MG TABLET,DESLORATADINE 5MG ORAL,87
649,RASAGILINE MESYLATE 1MG TABLET,RASAGILINE MESYLATE EQ 1MG BASE ORAL,87
650,SM ACID REDUCER 75MG TABLET,,-1
651,LAMISIL ANTIFUNGAL 1% SPRAY,,-1
652,SM FIBER 625MG CAPLET,,-1
653,FLUOXETINE HCL 10MG TABLET,,-1
654,MIGRAINE FORMULA CAPLET,,-1
655,TRI-VYLIBRA 28 TABLET,,-1
656,PERFOROMIST 20MCG/2ML SOLUTION,,-1
657,METHYLPHENIDATE ER(CD) 50MG CP,,-1
658,ONDANSETRON HCL 8MG TABLET,ONDANSETRON 8MG ORAL,86
659,RANITIDINE 150MG TABLET,,-1
660,SM MICONAZOLE 3 COMBO PACK,,-1
661,CITALOPRAM HBR 10MG TABLET,,-1
662,KETOROLAC 60MG/2ML VIAL,,-1
663,ACETAMINOPHEN-COD #4 TABLET,,-1
664,FLEET PEDIA-LAX SUPPOSITORIES,,-1
665,FLUOCINONIDE 0.05% OINTMENT,,-1
666,CITALOPRAM HBR 20MG TABLET,,-1
667,REPAGLINIDE 1MG TABLET,REPAGLINIDE 1MG ORAL,86
668,HM LANSOPRAZOLE DR 15MG CAP,LANSOPRAZOLE 15MG ORAL,87
669,ACETAMINOPHEN 500MG TABLET,,-1
670,HYDROXYZINE HCL 25MG TABLET,,-1
671,QC SINUS PAIN RELIEF CAPLET,,-1
672,GABAPENTIN 100MG CAPSULE,GABAPENTIN 100MG ORAL,86
673,LOVASTATIN 20MG TABLET,LOVASTATIN 20MG ORAL,86
674,ATORVASTATIN 20MG TABLET,,-1
675,"HEPARIN SODIUM 10,000 UNIT/ML VIAL",,-1
676,AMANTADINE 100MG CAPSULE,,-1
677,METFORMIN HCL 500MG TABLET,,-1
678,MECLIZINE 12.5MG TABLET,,-1
679,TETRACYCLINE 250MG CAPSULE,,-1
680,REFRESH OPTIVE GEL EYE DROPS,,-1
681,OLANZAPINE ODT 5MG TABLET,,-1
682,IRBESARTAN 300MG TABLET,IRBESARTAN 300MG ORAL,86
683,AMLODIPINE-OLMESARTAN 5-20MG,AMLODIPINE AND OLMESARTAN MEDOXOMIL EQ 5MG BASE;20MG ORAL,96
684,TERBINAFINE 1% CREAM,,-1
685,"METFORMIN HCL 1,000MG TABLET",,-1
686,LEVETIRACETAM 500MG TABLET,LEVETIRACETAM 500MG ORAL,88
687,CARVEDILOL 12.5MG TABLET,CARVEDILOL 12.5MG ORAL,87
688,RIZATRIPTAN 10MG TABLET,,-1
689,TUSSIN DM MAX LIQUID,,-1
690,HYDROXYCHLOROQUINE 200MG TABLET,HYDROXYCHLOROQUINE SULFATE 200MG ORAL,87
691,TRIAMCINOLONE 0.1% CREAM,,-1
692,SENNA 8.6MG TABLET,,-1
693,KETOROLAC 30MG/ML VIAL,KETOROLAC TROMETHAMINE 30MG/ML INJECTION,87
694,CIPROFLOXACIN 0.3% EYE DROP,,-1
695,GABAPENTIN 800MG TABLET,GABAPENTIN 800MG ORAL,86
696,MUCUS D ER 600-60MG TABLET,,-1
697,MEMANTINE HCL ER 14MG CAPSULE,,-1
698,ENALAPRIL MALEATE 5MG TABLET,ENALAPRIL MALEATE 5MG ORAL,89
699,LISINOPRIL 2.5MG TABLET,LISINOPRIL 2.5MG ORAL,86
700,RANITIDINE 150MG TABLET,,-1
701,MORPHINE SULFATE IR 30MG TABLET,MORPHINE SULFATE 30MG ORAL,89
702,LETROZOLE 2.5MG TABLET,LETROZOLE 2.5MG ORAL,86
703,PREDNISONE 5MG TABLET,,-1
704,ESOMEPRAZOLE MAG DR 40MG CAP,,-1
705,AMOXICILLIN 125MG/5ML SUSP,AMOXICILLIN 125MG/5ML ORAL,89
706,IMIPRAMINE HCL 25MG TABLET,,-1
707,CARVEDILOL 3.125MG TABLET,CARVEDILOL 3.125MG ORAL,88
708,TORSEMIDE 100MG TABLET,TORSEMIDE 100MG ORAL,86
709,FIBER THERAPY 500MG CAPLET,,-1
710,METFORMIN HCL 850MG TABLET,,-1
711,ATORVASTATIN 20MG TABLET,,-1
712,NORG-ETHIN ESTRA 0.25-0.035MG,,-1
713,METOPROLOL SUCC ER 200MG TABLET,,-1
714,ELIQUIS 2.5MG TABLET,,-1
715,ACYCLOVIR 200MG/5ML SUSP,ACYCLOVIR 200MG/5ML ORAL,88
716,BUPROPION HCL SR 200MG TABLET,,-1
717,METHYLPREDNISOLONE 4MG TABLET,METHYLPREDNISOLONE 4MG ORAL,90
718,SOD SULFACE-SULFUR 9-4.5% WASH,,-1
719,INDAPAMIDE 2.5MG TABLET,INDAPAMIDE 2.5MG ORAL,86
720,PROPAFENONE HCL 300MG TABLET,,-1
721,ANTI-DIARRHEAL 2MG CAPLET,,-1
722,LOVASTATIN 20MG TABLET,LOVASTATIN 20MG ORAL,86
723,LAMOTRIGINE ER 250MG TABLET,LAMOTRIGINE 250MG ORAL,87
724,VENLAFAXINE HCL 37.5MG TABLET,,-1
725,ALL-NITE COLD-FLU RELIEF LIQ,,-1
726,DOXYCYCLINE HYCLATE 100MG CAP,DOXYCYCLINE HYCLATE EQ 100MG BASE ORAL,93
727,NIFEDIPINE ER 60MG TABLET,NIFEDIPINE 60MG ORAL,86
728,MONONESSA 28 TABLET,,-1
729,VALSARTAN-HYDROCHLOROTHIAZIDE 320-25MG TABLET,HYDROCHLOROTHIAZIDE 25MG ORAL,91
730,COUMADIN 1MG TABLET,,-1
731,DEXAMETHASONE 4MG/ML VIAL,DEXAMETHASONE EQ 4MG PHOSPHATE/ML INJECTION,89
732,LEVOTHYROXINE 300MCG TABLET,,-1
733,LAMOTRIGINE 150MG TABLET,LAMOTRIGINE 150MG ORAL,87
734,CEFPROZIL 125MG/5ML SUSP,CEFPROZIL 125MG/5ML ORAL,88
735,CHLORDIAZEPO-AMITRIPTYL 5-12.5,,-1
736,AZITHROMYCIN 250MG TABLET,,-1
737,THEOPHYLLINE ER 300MG TABLET,THEOPHYLLINE 300MG ORAL,88
738,CAPECITABINE 500MG TABLET,CAPECITABINE 500MG ORAL,88
739,PYLERA CAPSULE,,-1
740,CLEARLAX POWDER,,-1
741,GLIMEPIRIDE 2MG TABLET,GLIMEPIRIDE 2MG ORAL,86
742,ROPINIROLE HCL ER 2MG TABLET,,-1
743,DULOXETINE HCL DR 30MG CAP,,-1
744,VENLAFAXINE HCL ER 150MG CAP,,-1
745,HYDROCORTISONE 2.5% CREAM,HYDROCORTISONE 2.5% TOPICAL,86
746,ETODOLAC 400MG TABLET,,-1
747,ALBUTEROL SULFATE 4MG TABLET,ALBUTEROL SULFATE EQ 4MG BASE ORAL,86
748,SPORANOX 10MG/ML SOLUTION,SPORANOX 10MG/ML ORAL,86
749,AZELASTINE HCL 0.05% DROPS,,-1
750,LEVEMIR 100 UNITS/ML VIAL,LEVEMIR 1000 UNITS/10ML (100 UNITS/ML) SUBCUTANEOUS,89
751,PRAMIPEXOLE 0.5MG TABLET,,-1
752,SM DOUBLE ANTIBIOTIC OINT,,-1
753,DORZOLAMIDE-TIMOLOL EYE DROPS,,-1
754,PARICALCITOL 1MCG CAPSULE,PARICALCITOL 1MCG ORAL,87
755,DOXAZOSIN MESYLATE 2MG TABLET,DOXAZOSIN MESYLATE EQ 2MG BASE ORAL,86
756,OLANZAPINE 20MG TABLET,OLANZAPINE 20MG ORAL,86
757,TRIAMTERENE-HYDROCHLOROTHIAZIDE 37.5-25MG CP,TRIAMTERENE AND HYDROCHLOROTHIAZIDE 25MG;37.5MG ORAL,94
758,AMLODIPINE BESYLATE 5MG TABLET,AMLODIPINE BESYLATE AND BENAZEPRIL HYDROCHLORIDE EQ 2.5MG BASE;10MG ORAL,87
759,VALSARTAN-HYDROCHLOROTHIAZIDE 160-25MG TABLET,HYDROCHLOROTHIAZIDE 25MG ORAL,91
760,ALCLOMETASONE DIPRO 0.05% CREAM,,-1
761,IBUPROFEN 100MG/5ML SUSP,CHILDREN'S IBUPROFEN 100MG/5ML ORAL,88
762,COLACE 2-IN-1 TABLET,,-1
763,ESOMEPRAZOLE MAG DR 20MG CAP,,-1
764,"AMOX-CLAV ER 1,000-62.5MG TABLET",,-1
765,DIAZEPAM 5MG/ML ORAL CONC,DIAZEPAM 5MG/ML ORAL,100
766,FOLIC ACID 1MG TABLET,,-1
767,VENLAFAXINE HCL ER 75MG CAP,,-1
768,STOOL SOFTENER 100MG SOFTGEL,,-1
769,TOPIRAMATE 100MG TABLET,TOPIRAMATE 100MG ORAL,86
770,NAPROXEN 250MG TABLET,,-1
771,METFORMIN ER 500MG OSMOTIC TB,,-1
772,LEVOFLOXACIN 750MG TABLET,LEVOFLOXACIN 750MG ORAL,88
773,LORAZEPAM 2MG TABLET,,-1
774,ZOLMITRIPTAN 2.5MG TABLET,ZOLMITRIPTAN 2.5MG ORAL,88
775,LOPERAMIDE 2MG CAPSULE,,-1
776,SM URINARY PAIN REL 97.5MG TB,,-1
777,ALLER-CHLOR 4MG TABLET,,-1
778,TIZANIDINE HCL 4MG TABLET,,-1
779,OXYCODONE HCL 15MG TABLET,,-1
780,BUDESONIDE 1MG/2ML INH SUSP,,-1
781,OMEPRAZOLE DR 10MG CAPSULE,OMEPRAZOLE 10MG ORAL,86
782,MOBIC 15MG TABLET,,-1
783,SYSTANE BALANCE 0.6% EYE DROP,,-1
784,HALOPERIDOL 20MG TABLET,HALOPERIDOL 20MG ORAL,86
785,HYDROCODONE-ACETAMINOPHEN 5-325MG TABLET,HYDROCODONE BITARTRATE AND ACETAMINOPHEN 325MG/15ML;7.5MG/15ML ORAL,87
786,ENALAPRIL MALEATE 20MG TABLET,ENALAPRIL MALEATE 20MG ORAL,90
787,CEFACLOR 500MG CAPSULE,,-1
788,TERBINAFINE 1% CREAM,,-1
789,IBUPROFEN 200MG CAPLET,IBUPROFEN 200MG ORAL,86
790,VERAPAMIL ER 240MG TABLET,,-1
791,LOSARTAN POTASSIUM 50MG TABLET,LOSARTAN POTASSIUM 50MG ORAL,90
792,METRONIDAZOLE 250MG TABLET,METRONIDAZOLE 250MG ORAL,88
793,ISOTRETINOIN 30MG CAPSULE,ISOTRETINOIN 30MG ORAL,87
794,DAYSEE 0.15-0.03-0.01MG TABLET,,-1
795,LISINOPRIL 20MG TABLET,LISINOPRIL 20MG ORAL,86
796,THIORIDAZINE 50MG TABLET,,-1
797,METRONIDAZOLE 500MG TABLET,METRONIDAZOLE 500MG ORAL,88
798,BUPRENORPHINE-NALOXONE 8-2MG SL TABLET,,-1
799,FINASTERIDE 5MG TABLET,FINASTERIDE 5MG ORAL,86
800,ROSUVASTATIN CALCIUM 10MG TABLET,ROSUVASTATIN CALCIUM 10MG ORAL,91
801,BACLOFEN 10MG TABLET,,-1
802,ORTHO TRI-CYCLEN LO TABLET,,-1
803,LOSARTAN POTASSIUM 50MG TABLET,LOSARTAN POTASSIUM 50MG ORAL,90
804,AMLODIPINE BESYLATE 5MG TABLET,AMLODIPINE BESYLATE AND BENAZEPRIL HYDROCHLORIDE EQ 2.5MG BASE;10MG ORAL,87
805,TELMISARTAN 80MG TABLET,TELMISARTAN 80MG ORAL,86
806,VYTORIN 10-80MG TABLET,,-1
807,DARIFENACIN ER 7.5MG TABLET,,-1
808,OXYMORPHONE HCL 10MG TABLET,,-1
809,ALPRAZOLAM 1MG TABLET,,-1
810,ALLOPURINOL 300MG TABLET,ALLOPURINOL 300MG ORAL,87
811,MICONAZOLE 3 COMBO PACK,,-1
812,DILTIAZEM 24HR ER 300MG CAP,,-1
813,LAMOTRIGINE 100MG TABLET,LAMOTRIGINE 100MG ORAL,87
814,PROMETHAZINE VC-CODEINE SYRUP,PROMETHAZINE VC W/ CODEINE 10MG/5ML;5MG/5ML;6.25MG/5ML ORAL,88
815,ELETRIPTAN HBR 40MG TABLET,,-1
816,DURAGESIC 100MCG/HR PATCH,DURAGESIC-100 100MCG/HR TRANSDERMAL,86
817,LEVALBUTEROL 0.63MG/3ML SOLUTION,,-1
818,METOPROLOL TARTRATE 50MG TABLET,METOPROLOL TARTRATE 50MG ORAL,91
819,OXYBUTYNIN CL ER 5MG TABLET,,-1
820,DESMOPRESSIN ACETATE 0.1MG TB,DESMOPRESSIN ACETATE 0.1MG ORAL,95
821,SIMVASTATIN 10MG TABLET,SIMVASTATIN 10MG ORAL,86
822,RANITIDINE 150MG TABLET,,-1
823,OLMESARTAN MEDOXOMIL 40MG TABLET,OLMESARTAN MEDOXOMIL 40MG ORAL,91
824,CITRANATAL HARMONY CAPSULE,,-1
825,METHIMAZOLE 5MG TABLET,METHIMAZOLE 5MG ORAL,86
826,CELECOXIB 400MG CAPSULE,CELECOXIB 400MG ORAL,86
827,JANUMET 50-500MG TABLET,,-1
828,RISPERIDONE 2MG ODT,RISPERIDONE 2MG ORAL,88
829,ATENOLOL 50MG TABLET,,-1
830,ADAPALENE 0.3% GEL,ADAPALENE 0.3% TOPICAL,87
831,TUSSIN DM SYRUP,,-1
832,CARBIDOPA 25MG TABLET,,-1
833,CARBAMAZEPINE ER 200MG CAP,CARBAMAZEPINE 200MG ORAL,88
834,CHEST-SINUS CONGST RLF TABLET,,-1
835,CEFTRIAXONE 500MG VIAL,CEFTRIAXONE EQ 500MG BASE/VIAL INJECTION,100
836,DOXAZOSIN MESYLATE 2MG TABLET,DOXAZOSIN MESYLATE EQ 2MG BASE ORAL,86
837,CLOBETASOL 0.05% OINTMENT,,-1
838,MONTELUKAST SOD 10MG TABLET,,-1
839,PRAMIPEXOLE 1MG TABLET,,-1
840,LORAZEPAM 2MG TABLET,,-1
841,INFANT PAIN-FEVER 160MG/5ML,,-1
842,ANDROGEL 1.62%(1.25G) GEL PCKT,,-1
843,MONUROL 3 GM SACHET,,-1
844,HYDROXYZINE HCL 25MG TABLET,,-1
845,LISINOPRIL 30MG TABLET,LISINOPRIL 30MG ORAL,86
846,OXYCODONE HCL 20MG TABLET,,-1
847,ENTECAVIR 0.5MG TABLET,ENTECAVIR 0.5MG ORAL,86
848,SM SENNA-S TABLET,,-1
849,DONEPEZIL HCL 5MG TABLET,,-1
850,NEVIRAPINE 200MG TABLET,NEVIRAPINE 200MG ORAL,86
851,"LEVETIRACETAM 1,000MG TABLET",,-1
852,ENOXAPARIN 300MG/3ML VIAL,"ENOXAPARIN SODIUM 300MG/3ML (100MG/ML) INTRAVENOUS, SUBCUTANEOUS",89
853,PROPRANOLOL 20MG TABLET,,-1
854,REGULOID POWDER,,-1
855,GABAPENTIN 300MG CAPSULE,GABAPENTIN 300MG ORAL,86
856,BENZONATATE 200MG CAPSULE,BENZONATATE 200MG ORAL,87
857,DICLOFENAC SOD DR 75MG TABLET,,-1
858,FOSINOPRIL SODIUM 40MG TABLET,FOSINOPRIL SODIUM 40MG ORAL,90
859,LOSARTAN-HYDROCHLOROTHIAZIDE 100-25MG TABLET,HYDROCHLOROTHIAZIDE 25MG ORAL,91
860,"ZENPEP DR 25,000 UNIT CAPSULE",,-1
861,FENTANYL 25MCG/HR PATCH,,-1
862,RABEPRAZOLE SOD DR 20MG TABLET,,-1
863,FENOFIBRATE 200MG CAPSULE,,-1
864,CALAMINE MEDICATED LOTION,,-1
865,TEMAZEPAM 7.5MG CAPSULE,TEMAZEPAM 7.5MG ORAL,86
866,AMLODIPINE-BENAZEPRIL 5-20MG,AMLODIPINE BESYLATE AND BENAZEPRIL HYDROCHLORIDE EQ 5MG BASE;20MG ORAL,96
867,PREVACID 24HR DR 15MG CAPSULE,,-1
868,ESCITALOPRAM 20MG TABLET,,-1
869,CITALOPRAM HBR 10MG TABLET,,-1
870,ALFUZOSIN HCL ER 10MG TABLET,,-1
871,BUNAVAIL 2.1-0.3MG FILM,,-1
872,DEXAMETHASONE 0.75MG TABLET,DEXAMETHASONE 0.75MG ORAL,89
873,LICE TREATMENT SHAMPOO,,-1
874,DEXTROAMP-AMPHETAMINE 5MG TABLET,,-1
875,ACYCLOVIR 5% OINTMENT,,-1
876,SIMVASTATIN 10MG TABLET,SIMVASTATIN 10MG ORAL,86
877,ISOSORBIDE MONONIT ER 30MG TB,,-1
878,SM STOMACH RELIEF 262MG/15ML,,-1
879,LISINOPRIL 5MG TABLET,,-1
880,METHYLPHENIDATE ER 36MG TABLET,,-1
881,INDOMETHACIN 50MG CAPSULE,INDOMETHACIN 50MG ORAL,87
882,LEVETIRACETAM 750MG TABLET,LEVETIRACETAM 750MG ORAL,88
883,FEXOFENADINE HCL 180MG TABLET,,-1
884,SPIRONOLACTONE 25MG TABLET,SPIRONOLACTONE 25MG ORAL,88
885,AMOXICILLIN 200MG/5ML SUSP,AMOXICILLIN 200MG/5ML ORAL,89
886,ANTACID 750MG CHEWABLE TABLET,,-1
887,EAR DROPS 6.5%,,-1
888,VIVELLE-DOT 0.025MG PATCH,VIVELLE-DOT 0.025MG/24HR TRANSDERMAL,86
889,GAS RELIEF 80MG TABLET CHEWABLE,,-1
890,MIRTAZAPINE 7.5MG TABLET,MIRTAZAPINE 7.5MG ORAL,87
891,RANITIDINE 150MG TABLET,,-1
892,PREDNISONE 50MG TABLET,PREDNISONE 50MG ORAL,86
893,HYDROCORTISONE 10MG TABLET,HYDROCORTISONE 10MG ORAL,88
894,GALANTAMINE ER 8MG CAPSULE,,-1
895,QUETIAPINE FUMARATE 50MG TABLET,QUETIAPINE FUMARATE EQ 50MG BASE ORAL,87
896,RISEDRONATE SODIUM 150MG TABLET,RISEDRONATE SODIUM 150MG ORAL,91
897,NICOTINE 14MG/24HR PATCH,NICOTINE 14MG/24HR TRANSDERMAL,86
898,CITALOPRAM HBR 20MG TABLET,,-1
899,TIMOLOL MALEATE 0.5% EYE DROPS,,-1
900,GABAPENTIN 800MG TABLET,GABAPENTIN 800MG ORAL,86
901,GS ANTACID 500MG CHEWABLE TABLET,,-1
902,HYDROCODONE-ACETAMINOPHEN 5-300MG TABLET,HYDROCODONE BITARTRATE AND ACETAMINOPHEN 300MG/15ML;10MG/15ML ORAL,87
903,DEXMETHYLPHENIDATE 10MG TABLET,DEXMETHYLPHENIDATE HYDROCHLORIDE 10MG ORAL,87
904,CARVEDILOL 3.125MG TABLET,CARVEDILOL 3.125MG ORAL,88
905,ORTHO TRI-CYCLEN 28 TABLET,,-1
906,CHILDREN'S COLD-COUGH ELIXIR,,-1
907,VALSARTAN 80MG TABLET,,-1
908,ITRACONAZOLE 100MG CAPSULE,ITRACONAZOLE 100MG ORAL,88
909,ESCITALOPRAM 5MG TABLET,,-1
910,ATORVASTATIN 20MG TABLET,,-1
911,HALOPERIDOL DEC 100MG/ML VIAL,,-1
912,IBUPROFEN 100MG/5ML SUSP,CHILDREN'S IBUPROFEN 100MG/5ML ORAL,88
913,"MUCINEX DM ER 1,200-60MG TABLET",,-1
914,PREDNISONE 5MG TABLET,,-1
915,ONDANSETRON HCL 8MG TABLET,ONDANSETRON 8MG ORAL,86
916,VENLAFAXINE HCL ER 37.5MG CAP,,-1
917,AMLODIPINE-VALSARTAN 5-320MG,AMLODIPINE BESYLATE AND VALSARTAN EQ 5MG BASE;320MG ORAL,96
918,OXYCODONE HCL 5MG/5ML SOLUTION,,-1
919,SIROLIMUS 2MG TABLET,,-1
920,DILT XR 120MG CAPSULE,,-1
921,BENZTROPINE MES 1MG TABLET,,-1
922,SUMATRIPTAN SUCC 50MG TABLET,,-1
923,ACYCLOVIR 400MG TABLET,ACYCLOVIR 400MG ORAL,86
924,METFORMIN HCL 850MG TABLET,,-1
925,BALSALAZIDE DISODIUM 750MG CP,BALSALAZIDE DISODIUM 750MG ORAL,95
926,SEMPREX-D 8MG-60MG CAPSULE,SEMPREX-D 8MG;60MG ORAL,88
927,RAMIPRIL 5MG CAPSULE,,-1
928,SUMATRIPTAN 6MG/0.5ML INJECT,SUMATRIPTAN SUCCINATE EQ 6MG BASE/0.5ML (EQ 12MG BASE/ML) SUBCUTANEOUS,86
929,PREDNISONE 10MG TAB DOSE PACK,PREDNISONE 10MG ORAL,86
930,LANSOPRAZOLE DR 30MG CAPSULE,LANSOPRAZOLE 30MG ORAL,87
931,IMIPRAMINE HCL 25MG TABLET,,-1
932,MONTELUKAST SOD 5MG TAB CHEWABLE,,-1
933,MILK OF MAGNESIA SUSPENSION,,-1
934,GLIMEPIRIDE 4MG TABLET,GLIMEPIRIDE 4MG ORAL,86
935,MINOCYCLINE 100MG CAPSULE,,-1
936,KETOROLAC 0.5% OPHTH SOLUTION,,-1
937,ZOLMITRIPTAN 5MG TABLET,ZOLMITRIPTAN 5MG ORAL,86
938,QUETIAPINE ER 200MG TABLET,,-1
939,APEXICON E 0.05% CREAM,,-1
940,PAZEO 0.7% EYE DROPS,,-1
941,VALSARTAN-HYDROCHLOROTHIAZIDE 80-12.5MG TABLET,HYDROCHLOROTHIAZIDE 12.5MG ORAL,91
942,CILOSTAZOL 50MG TABLET,CILOSTAZOL 50MG ORAL,86
943,CLARITHROMYCIN 500MG TABLET,CLARITHROMYCIN 500MG ORAL,89
944,NYSTATIN-TRIAMCINOLONE CREAM,"NYSTATIN AND TRIAMCINOLONE ACETONIDE 100,000 UNITS/GM;0.1% TOPICAL",88
945,HYDROCORTISONE 0.5% CREAM,HC (HYDROCORTISONE) 0.5% TOPICAL,86
946,TELMISARTAN-HYDROCHLOROTHIAZIDE 80-12.5MG TB,TELMISARTAN AND HYDROCHLOROTHIAZIDE 12.5MG;40MG ORAL,93
947,GABAPENTIN 100MG CAPSULE,GABAPENTIN 100MG ORAL,86
948,SM TUSSIN DM SYRUP,,-1
949,HYDROXYZINE HCL 25MG TABLET,,-1
950,AMLODIPINE-BENAZEPRIL 10-20MG,AMLODIPINE BESYLATE AND BENAZEPRIL HYDROCHLORIDE EQ 5MG BASE;20MG ORAL,95
951,FENTANYL 25MCG/HR PATCH,,-1
952,LOSARTAN-HYDROCHLOROTHIAZIDE 100-25MG TABLET,HYDROCHLOROTHIAZIDE 25MG ORAL,91
953,CLOBETASOL 0.05% SOLUTION,,-1
954,ROSUVASTATIN CALCIUM 10MG TABLET,ROSUVASTATIN CALCIUM 10MG ORAL,91
955,ESOMEPRAZOLE MAG DR 20MG CAP,,-1
956,LOSARTAN POTASSIUM 25MG TABLET,LOSARTAN POTASSIUM 25MG ORAL,90
957,GABAPENTIN 100MG CAPSULE,GABAPENTIN 100MG ORAL,86
958,OLANZAPINE ODT 5MG TABLET,,-1
959,SM TUSSIN MUCUS-CONG 200MG/10,,-1
960,ABSORICA 30MG CAPSULE,,-1
961,MELOXICAM 7.5MG TABLET,MELOXICAM 7.5MG ORAL,86
962,GEMFIBROZIL 600MG TABLET,GEMFIBROZIL 600MG ORAL,87
963,INTEGRA PLUS CAPSULE,,-1
964,PAIN RELIEF 500MG TABLET,,-1
965,PIROXICAM 10MG CAPSULE,,-1
966,JEVANTIQUE LO 0.5MG-2.5MCG,,-1
967,EPINASTINE HCL 0.05% EYE DROPS,,-1
968,CELECOXIB 100MG CAPSULE,CELECOXIB 100MG ORAL,86
969,PHENYTOIN 50MG TABLET CHEWABLE,,-1
970,CEFUROXIME AXETIL 250MG TABLET,CEFUROXIME AXETIL EQ 250MG BASE/5ML ORAL,87
971,BUMETANIDE 1MG TABLET,,-1
972,HALOPERIDOL 2MG TABLET,HALOPERIDOL 2MG ORAL,86
973,HM NICOTINE 4MG LOZENGE,,-1
974,OXYBUTYNIN 5MG TABLET,,-1
975,NIGHTTIME SLEEP AID 25MG CPLT,,-1
976,PROGESTERONE 200MG CAPSULE,PROGESTERONE 200MG ORAL,88
977,VALGANCICLOVIR 450MG TABLET,,-1
978,GLYBURIDE-METFORMIN 5-500MG,GLYBURIDE AND METFORMIN HYDROCHLORIDE 2.5MG;500MG ORAL,96
979,VANCOMYCIN HCL 125MG CAPSULE,,-1
980,LORAZEPAM 2MG/ML ORAL CONCENT,LORAZEPAM 2MG/ML ORAL,100
981,METFORMIN HCL ER 500MG TABLET,,-1
982,DIVALPROEX DR 125MG CAP SPRNK,,-1
983,BENZTROPINE MES 0.5MG TABLET,,-1
984,ZIPRASIDONE HCL 40MG CAPSULE,,-1
985,CEFUROXIME AXETIL 500MG TABLET,CEFUROXIME AXETIL EQ 500MG BASE ORAL,87
986,LATUDA 60MG TABLET,,-1
987,FLUOCINONIDE-E 0.05% CREAM,,-1
988,MONTELUKAST SOD 10MG TABLET,,-1
989,PIOGLITAZONE HCL 45MG TABLET,,-1
990,RIZATRIPTAN 10MG TABLET,,-1
991,QUETIAPINE FUMARATE 100MG TABLET,QUETIAPINE FUMARATE EQ 100MG BASE ORAL,88
992,MELOXICAM 7.5MG TABLET,MELOXICAM 7.5MG ORAL,86
993,CIALIS 10MG TABLET,,-1
994,URSODIOL 250MG TABLET,,-1
995,LEVOXYL 150MCG TABLET,,-1
996,HYDROCODONE-ACETAMINOPHEN 7.5-325MG TABLET,HYDROCODONE BITARTRATE AND ACETAMINOPHEN 325MG/15ML;7.5MG/15ML ORAL,88
997,GABAPENTIN 300MG CAPSULE,GABAPENTIN 300MG ORAL,86
998,GENTAMICIN 3MG/ML EYE DROP,,-1
